{
  "cli": {
    "version": ">= 5.4.0"
  },
  "build": {
    "development": {
      "developmentClient": true,
      "distribution": "internal",
      "env": {
        "APP_ENV": "development",
        "API_BASE_URL": "http://localhost:8081/api"
      }
    },
    "preview": {
      "distribution": "internal",
      "env": {
        "APP_ENV": "preview",
        "API_BASE_URL": "$(API_BASE_URL_PREVIEW)",
        "DATABASE_URL": "$(DATABASE_URL_PREVIEW)",
        "SUPABASE_URL": "$(SUPABASE_URL_PREVIEW)",
        "NEXT_PUBLIC_SUPABASE_URL": "$(NEXT_PUBLIC_SUPABASE_URL_PREVIEW)",
        "NEXT_PUBLIC_SUPABASE_ANON_KEY": "$(NEXT_PUBLIC_SUPABASE_ANON_KEY_PREVIEW)",
        "GEMINI_API_KEY": "$(GEMINI_API_KEY_PREVIEW)",
        "OPENAI_API_KEY": "$(OPENAI_API_KEY_PREVIEW)",
        "GROQ_API_KEY": "$(GROQ_API_KEY_PREVIEW)",
        "HUME_API_KEY": "$(HUME_API_KEY_PREVIEW)",
        "TESTING_MODE": "false"
      }
    },
    "production": {
      "distribution": "store",
      "env": {
        "APP_ENV": "production",
        "API_BASE_URL": "$(API_BASE_URL_PROD)",
        "DATABASE_URL": "$(DATABASE_URL_PROD)",
        "SUPABASE_URL": "$(SUPABASE_URL_PROD)",
        "NEXT_PUBLIC_SUPABASE_URL": "$(NEXT_PUBLIC_SUPABASE_URL_PROD)",
        "NEXT_PUBLIC_SUPABASE_ANON_KEY": "$(NEXT_PUBLIC_SUPABASE_ANON_KEY_PROD)",
        "GEMINI_API_KEY": "$(GEMINI_API_KEY_PROD)",
        "OPENAI_API_KEY": "$(OPENAI_API_KEY_PROD)",
        "GROQ_API_KEY": "$(GROQ_API_KEY_PROD)",
        "HUME_API_KEY": "$(HUME_API_KEY_PROD)",
        "HUME_WEBHOOK_SECRET": "$(HUME_WEBHOOK_SECRET_PROD)",
        "TESTING_MODE": "false"
      }
    }
  },
  "submit": {
    "production": {
      "ios": {
        "appleId": "YOUR_APPLE_ID",
        "ascAppId": "YOUR_APP_STORE_CONNECT_APP_ID",
        "appleTeamId": "YOUR_APPLE_TEAM_ID"
      },
      "android": {
        "serviceAccountKeyPath": "path/to/service-account-key.json",
        "track": "production"
      }
    }
  },
  "updates": {
    "url": "https://u.expo.dev/YOUR_PROJECT_ID",
    "fallbackToCacheTimeout": 0
  }
}